"","total_deaths","mean_age","male_pct","elderly_pct"
"total_deaths",1,-0.0179327162561253,-0.0108279210567082,-0.0168369024678878
"mean_age",-0.0179327162561253,1,-0.0710437179442441,0.806329037337892
"male_pct",-0.0108279210567082,-0.0710437179442441,1,-0.11788639063717
"elderly_pct",-0.0168369024678878,0.806329037337892,-0.11788639063717,1
